﻿<?xml version="1.0" encoding="utf-8" ?>
<c2eventsheet>
    <!--All the 'name' attributes are ignored by Construct 2 - they are there for readability only.-->
    <name>Gameplay</name>
    <events>
        <variable constant="0" name="bg_speed2" sid="991109330600290" static="0" type="number">150</variable>
        <variable constant="0" name="bg_speed" sid="870669053716455" static="0" type="number">200</variable>
        <variable constant="0" name="timer" sid="911695492441612" static="0" type="number">63</variable>
        <variable constant="0" name="skor" sid="289959972939430" static="0" type="number">0</variable>
        <event-block sid="838906344128020">
            <conditions>
                <condition id="-2" name="On start of layout" sid="878443592259863" type="System" />
            </conditions>
            <actions>
                <action id="-4" name="Set layer visible" sid="195846361371430" type="System">
                    <param id="0" name="Layer">3</param>
                    <param id="1" name="Visibility">0</param>
                </action>
                <action id="-9" name="Destroy" sid="336711523796330" type="Asset7" />
                <action id="-9" name="Destroy" sid="358750615646548" type="Asset13" />
                <action id="-9" name="Set value" sid="939283204748398" type="System">
                    <param id="0" name="Variable">bg_speed</param>
                    <param id="1" name="Value">Slider2Value*66.67</param>
                </action>
                <action id="-9" name="Set value" sid="148115661217633" type="System">
                    <param id="0" name="Variable">bg_speed2</param>
                    <param id="1" name="Value">Slider2Value*46.67</param>
                </action>
            </actions>
        </event-block>
        <event-block sid="782292665172007">
            <conditions>
                <condition id="-14" name="Compare variable" sid="196380522641952" type="System">
                    <param id="0" name="Variable">Slider2Value</param>
                    <param id="1" name="Comparison">3</param>
                    <param id="2" name="Value">15</param>
                </condition>
            </conditions>
            <actions>
                <action behavior="Sine" id="2" name="Set magnitude" sid="563569863214129" type="Screenshot2">
                    <param id="0" name="Magnitude">50</param>
                </action>
                <action behavior="Sine" id="1" name="Set period" sid="729796260767668" type="Screenshot2">
                    <param id="0" name="Period">0.2</param>
                </action>
            </actions>
        </event-block>
        <event-block sid="838665873013901">
            <conditions>
                <condition id="-14" name="Compare variable" sid="323548455399809" type="System">
                    <param id="0" name="Variable">Slider2Value</param>
                    <param id="1" name="Comparison">3</param>
                    <param id="2" name="Value">13</param>
                </condition>
            </conditions>
            <actions>
                <action behavior="Sine" id="2" name="Set magnitude" sid="145850312948499" type="Screenshot2">
                    <param id="0" name="Magnitude">50</param>
                </action>
                <action behavior="Sine" id="1" name="Set period" sid="326129848644889" type="Screenshot2">
                    <param id="0" name="Period">1</param>
                </action>
            </actions>
        </event-block>
        <event-block sid="358112711384816">
            <conditions>
                <condition id="-14" name="Compare variable" sid="708744761589117" type="System">
                    <param id="0" name="Variable">Slider2Value</param>
                    <param id="1" name="Comparison">3</param>
                    <param id="2" name="Value">9</param>
                </condition>
            </conditions>
            <actions>
                <action behavior="Sine" id="2" name="Set magnitude" sid="789335124878105" type="Screenshot2">
                    <param id="0" name="Magnitude">40</param>
                </action>
                <action behavior="Sine" id="1" name="Set period" sid="950163780407712" type="Screenshot2">
                    <param id="0" name="Period">2</param>
                </action>
            </actions>
        </event-block>
        <event-block sid="356062640381653">
            <conditions>
                <condition id="-14" name="Compare variable" sid="270517622649312" type="System">
                    <param id="0" name="Variable">Slider2Value</param>
                    <param id="1" name="Comparison">3</param>
                    <param id="2" name="Value">6</param>
                </condition>
            </conditions>
            <actions>
                <action behavior="Sine" id="2" name="Set magnitude" sid="133536283203255" type="Screenshot2">
                    <param id="0" name="Magnitude">30</param>
                </action>
                <action behavior="Sine" id="1" name="Set period" sid="549022697219922" type="Screenshot2">
                    <param id="0" name="Period">3</param>
                </action>
            </actions>
        </event-block>
        <event-block sid="329903638452864">
            <conditions>
                <condition id="-14" name="Compare variable" sid="933328547209475" type="System">
                    <param id="0" name="Variable">Slider2Value</param>
                    <param id="1" name="Comparison">3</param>
                    <param id="2" name="Value">3</param>
                </condition>
            </conditions>
            <actions>
                <action behavior="Sine" id="2" name="Set magnitude" sid="247346902241147" type="Screenshot2">
                    <param id="0" name="Magnitude">50</param>
                </action>
                <action behavior="Sine" id="1" name="Set period" sid="939759503143854" type="Screenshot2">
                    <param id="0" name="Period">4</param>
                </action>
            </actions>
        </event-block>
        <event-block sid="169411445789470">
            <conditions>
                <condition id="-6" name="Every X seconds" sid="346957131070636" type="System">
                    <param id="0" name="Interval (seconds)">0.5</param>
                </condition>
            </conditions>
            <actions>
                <action id="0" name="Spawn another object" sid="814824311405126" type="Screenshot3">
                    <param id="0" name="Object">Screenshot2</param>
                    <param id="1" name="Layer">0</param>
                    <param id="2" name="Image point">0</param>
                </action>
            </actions>
        </event-block>
        <event-block sid="477160867055860">
            <conditions>
                <condition id="-1" name="Every tick" sid="969999685085828" type="System" />
            </conditions>
            <actions>
                <action id="-2" name="Set Y" sid="359487610455955" type="Screenshot3">
                    <param id="0" name="Y">random(24,545)</param>
                </action>
                <action id="0" name="Set text" sid="813646482591592" type="Skor">
                    <param id="0" name="Text">skor</param>
                </action>
                <action id="-1" name="Set X" sid="154162287594584" type="tembak">
                    <param id="0" name="X">Mouse.X</param>
                </action>
                <action id="-2" name="Set Y" sid="733578320004129" type="tembak">
                    <param id="0" name="Y">Mouse.Y</param>
                </action>
                <action id="-1" name="Set X" sid="780993867610311" type="rumput2">
                    <param id="0" name="X">rumput2.X-bg_speed*dt</param>
                </action>
                <action id="-1" name="Set X" sid="818778990026223" type="pohon2">
                    <param id="0" name="X">pohon2.X-bg_speed2*dt</param>
                </action>
            </actions>
            <sub-events>
                <event-block sid="293909231774757">
                    <conditions>
                        <condition id="-8" name="Is boolean instance variable set" sid="413980798363080" type="Screenshot2">
                            <param id="0" name="Instance variable">klik</param>
                        </condition>
                    </conditions>
                    <actions>
                        <action id="-9" name="Destroy" sid="678454965041742" type="Screenshot2" />
                        <action id="-10" name="Add to" sid="534038579207388" type="System">
                            <param id="0" name="Variable">skor</param>
                            <param id="1" name="Value">1</param>
                        </action>
                        <action id="0" name="Spawn another object" sid="944023574860459" type="Screenshot2">
                            <param id="0" name="Object">dead</param>
                            <param id="1" name="Layer">0</param>
                            <param id="2" name="Image point">0</param>
                        </action>
                        <action behavior="Physics" id="12" name="Set world gravity" sid="344489193238368" type="dead">
                            <param id="0" name="Gravity">10</param>
                        </action>
                        <action id="0" name="Play" sid="770577433337576" type="BGM">
                            <param id="0" name="Audio file">Fruit collect 1</param>
                            <param id="2" name="Loop">0</param>
                            <param id="3" name="Volume">0</param>
                            <param id="1" name="Tag (optional)">&quot;&quot;</param>
                        </action>
                    </actions>
                </event-block>
                <event-block sid="256166779834620">
                    <conditions>
                        <condition id="-8" inverted="1" name="Is boolean instance variable set" sid="642731568730163" type="Screenshot2">
                            <param id="0" name="Instance variable">klik</param>
                        </condition>
                    </conditions>
                    <actions>
                        <action disabled="1" id="-1" name="Set X" sid="942868815412100" type="Screenshot2">
                            <param id="0" name="X">Self.X+random(5,14)</param>
                        </action>
                        <action id="-1" name="Set X" sid="669085959405551" type="Screenshot2">
                            <param id="0" name="X">Self.X+(Slider2Value)</param>
                        </action>
                    </actions>
                </event-block>
            </sub-events>
        </event-block>
        <event-block sid="450474992995399">
            <conditions>
                <condition id="-6" name="Every X seconds" sid="631205046473062" type="System">
                    <param id="0" name="Interval (seconds)">1.0</param>
                </condition>
            </conditions>
            <actions>
                <action id="-11" name="Subtract from" sid="184454086849683" type="System">
                    <param id="0" name="Variable">timer</param>
                    <param id="1" name="Value">1</param>
                </action>
                <action id="0" name="Set text" sid="972110241572815" type="Timer">
                    <param id="0" name="Text">timer</param>
                </action>
            </actions>
        </event-block>
        <event-block sid="975980753372493">
            <conditions>
                <condition id="3" name="On touched object" sid="995830173670913" type="Touch">
                    <param id="0" name="Object">Screenshot2</param>
                </condition>
            </conditions>
            <actions>
                <action id="-13" name="Set boolean" sid="576048893980495" type="Screenshot2">
                    <param id="0" name="Instance variable">klik</param>
                    <param id="1" name="Value">1</param>
                </action>
            </actions>
        </event-block>
        <event-block sid="853794145124512">
            <conditions>
                <condition id="-4" name="Is outside layout" sid="173691382119001" type="Screenshot2" />
            </conditions>
            <actions>
                <action id="-9" name="Destroy" sid="843376398513157" type="Screenshot2" />
            </actions>
        </event-block>
        <event-block sid="498475048377950">
            <conditions>
                <condition id="-1" name="Compare X" sid="734548531156105" type="rumput2">
                    <param id="0" name="Comparison">3</param>
                    <param id="1" name="X co-ordinate">-645</param>
                </condition>
            </conditions>
            <actions>
                <action id="-1" name="Set X" sid="964133984562005" type="rumput2">
                    <param id="0" name="X">bg.X+1278</param>
                </action>
            </actions>
        </event-block>
        <event-block sid="484067483661789">
            <conditions>
                <condition id="-1" name="Compare X" sid="985621770886146" type="pohon2">
                    <param id="0" name="Comparison">3</param>
                    <param id="1" name="X co-ordinate">-570</param>
                </condition>
            </conditions>
            <actions>
                <action id="-1" name="Set X" sid="929906903178058" type="pohon2">
                    <param id="0" name="X">bg.X+1278</param>
                </action>
            </actions>
        </event-block>
        <event-block sid="502686624527584">
            <conditions>
                <condition id="3" name="On touched object" sid="936964927887532" type="Touch">
                    <param id="0" name="Object">btn_Jeda</param>
                </condition>
            </conditions>
            <actions>
                <action id="-14" name="Toggle boolean" sid="804335603451456" type="btn_Jeda">
                    <param id="0" name="Instance variable">Pause</param>
                </action>
                <action id="0" name="Play" sid="541370919973113" type="BGM">
                    <param id="0" name="Audio file">Confirm 1</param>
                    <param id="2" name="Loop">0</param>
                    <param id="3" name="Volume">0</param>
                    <param id="1" name="Tag (optional)">&quot;&quot;</param>
                </action>
            </actions>
            <sub-events>
                <event-block sid="371873831503089">
                    <conditions>
                        <condition id="-8" name="Is boolean instance variable set" sid="241439438011522" type="btn_Jeda">
                            <param id="0" name="Instance variable">Pause</param>
                        </condition>
                    </conditions>
                    <actions>
                        <action id="-13" name="Set time scale" sid="508166348120078" type="System">
                            <param id="0" name="Time scale">0</param>
                        </action>
                        <action id="-4" name="Set layer visible" sid="209431961800871" type="System">
                            <param id="0" name="Layer">3</param>
                            <param id="1" name="Visibility">1</param>
                        </action>
                        <action id="0" name="Spawn another object" sid="547139478887241" type="spawn_pause2">
                            <param id="0" name="Object">Asset7</param>
                            <param id="1" name="Layer">3</param>
                            <param id="2" name="Image point">0</param>
                        </action>
                        <action id="0" name="Spawn another object" sid="529961186348255" type="spawn_pause">
                            <param id="0" name="Object">Asset13</param>
                            <param id="1" name="Layer">3</param>
                            <param id="2" name="Image point">0</param>
                        </action>
                    </actions>
                </event-block>
                <event-block sid="657650551254999">
                    <conditions>
                        <condition id="-8" inverted="1" name="Is boolean instance variable set" sid="845638161280755" type="btn_Jeda">
                            <param id="0" name="Instance variable">Pause</param>
                        </condition>
                    </conditions>
                    <actions>
                        <action id="-13" name="Set time scale" sid="261316702705487" type="System">
                            <param id="0" name="Time scale">1</param>
                        </action>
                        <action id="-4" name="Set layer visible" sid="252097484668240" type="System">
                            <param id="0" name="Layer">3</param>
                            <param id="1" name="Visibility">0</param>
                        </action>
                        <action id="-9" name="Destroy" sid="928765362033219" type="Asset7" />
                        <action id="-9" name="Destroy" sid="488366044714814" type="Asset13" />
                    </actions>
                </event-block>
            </sub-events>
        </event-block>
        <event-block sid="233727162874123">
            <conditions>
                <condition id="3" name="On touched object" sid="184244857883768" type="Touch">
                    <param id="0" name="Object">Asset13</param>
                </condition>
            </conditions>
            <actions>
                <action id="-13" name="Set time scale" sid="193359514549402" type="System">
                    <param id="0" name="Time scale">1.0</param>
                </action>
                <action id="-2" name="Go to layout" sid="210723486911343" type="System">
                    <param id="0" name="Layout">Menu</param>
                </action>
                <action id="0" name="Play" sid="265758363542573" type="BGM">
                    <param id="0" name="Audio file">Confirm 1</param>
                    <param id="2" name="Loop">0</param>
                    <param id="3" name="Volume">0</param>
                    <param id="1" name="Tag (optional)">&quot;&quot;</param>
                </action>
            </actions>
        </event-block>
        <event-block sid="437408524048499">
            <conditions>
                <condition id="3" name="On touched object" sid="240576563914844" type="Touch">
                    <param id="0" name="Object">Asset7</param>
                </condition>
            </conditions>
            <actions>
                <action id="-13" name="Set time scale" sid="248304116364695" type="System">
                    <param id="0" name="Time scale">1.0</param>
                </action>
                <action id="-4" name="Set layer visible" sid="453358623164900" type="System">
                    <param id="0" name="Layer">3</param>
                    <param id="1" name="Visibility">0</param>
                </action>
                <action id="0" name="Play" sid="711852473780394" type="BGM">
                    <param id="0" name="Audio file">Confirm 1</param>
                    <param id="2" name="Loop">0</param>
                    <param id="3" name="Volume">0</param>
                    <param id="1" name="Tag (optional)">&quot;&quot;</param>
                </action>
            </actions>
        </event-block>
        <event-block sid="834435413511821">
            <conditions>
                <condition id="-14" name="Compare variable" sid="875618708752790" type="System">
                    <param id="0" name="Variable">timer</param>
                    <param id="1" name="Comparison">3</param>
                    <param id="2" name="Value">0</param>
                </condition>
            </conditions>
            <actions>
                <action id="-2" name="Go to layout" sid="136504305631227" type="System">
                    <param id="0" name="Layout">Skor</param>
                </action>
                <action id="0" name="Play" sid="465327274400579" type="BGM">
                    <param id="0" name="Audio file">Confirm 1</param>
                    <param id="2" name="Loop">0</param>
                    <param id="3" name="Volume">0</param>
                    <param id="1" name="Tag (optional)">&quot;&quot;</param>
                </action>
            </actions>
        </event-block>
        <event-block any="1" sid="356790267026883">
            <conditions>
                <condition id="7" name="Cursor is over object" sid="137611333839253" type="Mouse">
                    <param id="0" name="Object">Asset13</param>
                </condition>
            </conditions>
            <actions>
                <action id="5" name="Set frame" sid="176356562047147" type="Asset13">
                    <param id="0" name="Frame number">1</param>
                </action>
                <action id="-1" name="Set X" sid="720699629425066" type="Asset13">
                    <param id="0" name="X">180</param>
                </action>
            </actions>
        </event-block>
        <event-block sid="103830206645813">
            <conditions>
                <condition id="7" inverted="1" name="Cursor is over object" sid="353492977994707" type="Mouse">
                    <param id="0" name="Object">Asset13</param>
                </condition>
            </conditions>
            <actions>
                <action id="5" name="Set frame" sid="241569162779616" type="Asset13">
                    <param id="0" name="Frame number">0</param>
                </action>
                <action id="-1" name="Set X" sid="987896808203627" type="Asset13">
                    <param id="0" name="X">215</param>
                </action>
            </actions>
        </event-block>
        <event-block any="1" sid="474930302817906">
            <conditions>
                <condition id="7" name="Cursor is over object" sid="358003912926259" type="Mouse">
                    <param id="0" name="Object">Asset7</param>
                </condition>
            </conditions>
            <actions>
                <action id="5" name="Set frame" sid="611907723736045" type="Asset7">
                    <param id="0" name="Frame number">1</param>
                </action>
                <action id="-1" name="Set X" sid="503068212333366" type="Asset7">
                    <param id="0" name="X">180</param>
                </action>
            </actions>
        </event-block>
        <event-block any="1" sid="970424372203734">
            <conditions>
                <condition id="7" inverted="1" name="Cursor is over object" sid="126591140811776" type="Mouse">
                    <param id="0" name="Object">Asset7</param>
                </condition>
            </conditions>
            <actions>
                <action id="5" name="Set frame" sid="401009030283697" type="Asset7">
                    <param id="0" name="Frame number">0</param>
                </action>
                <action id="-1" name="Set X" sid="240582083902011" type="Asset7">
                    <param id="0" name="X">215</param>
                </action>
            </actions>
        </event-block>
        <event-block sid="300954042694268">
            <conditions>
                <condition id="-25" name="On loader layout complete" sid="676438346359984" type="System" />
            </conditions>
            <actions>
                <action id="-4" name="Set layer visible" sid="662101873858652" type="System">
                    <param id="0" name="Layer">4</param>
                    <param id="1" name="Visibility">1</param>
                </action>
                <action id="-16" name="Wait" sid="223338331758393" type="System">
                    <param id="0" name="Seconds">2</param>
                </action>
                <action id="-4" name="Set layer visible" sid="459388741394139" type="System">
                    <param id="0" name="Layer">4</param>
                    <param id="1" name="Visibility">0</param>
                </action>
            </actions>
        </event-block>
    </events>
</c2eventsheet>
