﻿<?xml version="1.0" encoding="utf-8" ?>
<c2eventsheet>
    <!--All the 'name' attributes are ignored by Construct 2 - they are there for readability only.-->
    <name>Kredit</name>
    <events>
        <event-block sid="369664858994654">
            <conditions>
                <condition id="-1" name="Every tick" sid="222727291511942" type="System" />
            </conditions>
            <actions>
                <action id="-1" name="Set X" sid="259190877931293" type="tembak">
                    <param id="0" name="X">Mouse.X</param>
                </action>
                <action id="-2" name="Set Y" sid="514368588166083" type="tembak">
                    <param id="0" name="Y">Mouse.Y</param>
                </action>
                <action id="-1" name="Set X" sid="984545097142960" type="rumput2">
                    <param id="0" name="X">rumput2.X-bg_speed*dt</param>
                </action>
                <action id="-1" name="Set X" sid="122218785981595" type="pohon2">
                    <param id="0" name="X">pohon2.X-bg_speed2*dt</param>
                </action>
            </actions>
        </event-block>
        <event-block sid="777270749103283">
            <conditions>
                <condition id="-1" name="Compare X" sid="568677126659705" type="rumput2">
                    <param id="0" name="Comparison">3</param>
                    <param id="1" name="X co-ordinate">-645</param>
                </condition>
            </conditions>
            <actions>
                <action id="-1" name="Set X" sid="875312852703208" type="rumput2">
                    <param id="0" name="X">bg.X+1278</param>
                </action>
            </actions>
        </event-block>
        <event-block sid="548219706106094">
            <conditions>
                <condition id="-1" name="Compare X" sid="885008489882371" type="pohon2">
                    <param id="0" name="Comparison">3</param>
                    <param id="1" name="X co-ordinate">-570</param>
                </condition>
            </conditions>
            <actions>
                <action id="-1" name="Set X" sid="591887593148310" type="pohon2">
                    <param id="0" name="X">bg.X+1278</param>
                </action>
            </actions>
        </event-block>
        <event-block sid="363886363497191">
            <conditions>
                <condition id="3" name="On touched object" sid="158814038705067" type="Touch">
                    <param id="0" name="Object">Link_tembakmanuk</param>
                </condition>
            </conditions>
            <actions>
                <action id="7" name="Go to URL" sid="530039444199562" type="Browser">
                    <param id="0" name="URL">&quot;https://destiny-knight.itch.io/&quot;</param>
                    <param id="1" name="Target">0</param>
                </action>
                <action id="0" name="Play" sid="169086836768780" type="BGM">
                    <param id="0" name="Audio file">Confirm 1</param>
                    <param id="2" name="Loop">0</param>
                    <param id="3" name="Volume">0</param>
                    <param id="1" name="Tag (optional)">&quot;&quot;</param>
                </action>
            </actions>
        </event-block>
        <event-block sid="546306188365802">
            <conditions>
                <condition id="3" name="On touched object" sid="736307263688704" type="Touch">
                    <param id="0" name="Object">Link_tembakmanuk2</param>
                </condition>
            </conditions>
            <actions>
                <action id="7" name="Go to URL" sid="368861549412150" type="Browser">
                    <param id="0" name="URL">&quot;https://jdwasabi.itch.io/8-bit-16-bit-sound-effects-pack&quot;</param>
                    <param id="1" name="Target">0</param>
                </action>
                <action id="0" name="Play" sid="521344310217210" type="BGM">
                    <param id="0" name="Audio file">Confirm 1</param>
                    <param id="2" name="Loop">0</param>
                    <param id="3" name="Volume">0</param>
                    <param id="1" name="Tag (optional)">&quot;&quot;</param>
                </action>
            </actions>
        </event-block>
        <event-block any="1" sid="371935436528383">
            <conditions>
                <condition id="7" name="Cursor is over object" sid="345643335003033" type="Mouse">
                    <param id="0" name="Object">Asset6</param>
                </condition>
            </conditions>
            <actions>
                <action id="5" name="Set frame" sid="618982347344259" type="Asset6">
                    <param id="0" name="Frame number">1</param>
                </action>
            </actions>
        </event-block>
        <event-block sid="739100674238550">
            <conditions>
                <condition id="7" inverted="1" name="Cursor is over object" sid="613135505792795" type="Mouse">
                    <param id="0" name="Object">Asset6</param>
                </condition>
            </conditions>
            <actions>
                <action id="5" name="Set frame" sid="975468052119038" type="Asset6">
                    <param id="0" name="Frame number">0</param>
                </action>
            </actions>
        </event-block>
        <event-block sid="558043592584838">
            <conditions>
                <condition id="3" name="On touched object" sid="879125679536162" type="Touch">
                    <param id="0" name="Object">Asset6</param>
                </condition>
            </conditions>
            <actions>
                <action id="-2" name="Go to layout" sid="290099280176020" type="System">
                    <param id="0" name="Layout">Menu</param>
                </action>
                <action id="0" name="Play" sid="813555355227371" type="BGM">
                    <param id="0" name="Audio file">Confirm 1</param>
                    <param id="2" name="Loop">0</param>
                    <param id="3" name="Volume">0</param>
                    <param id="1" name="Tag (optional)">&quot;&quot;</param>
                </action>
            </actions>
        </event-block>
    </events>
</c2eventsheet>
