﻿<?xml version="1.0" encoding="utf-8" ?>
<c2eventsheet>
    <!--All the 'name' attributes are ignored by Construct 2 - they are there for readability only.-->
    <name>Menu</name>
    <events>
        <event-block sid="366916446684348">
            <conditions>
                <condition id="-1" name="Every tick" sid="186853580531548" type="System" />
            </conditions>
            <actions>
                <action id="-1" name="Set X" sid="960233254774350" type="tembak">
                    <param id="0" name="X">Mouse.X</param>
                </action>
                <action id="-2" name="Set Y" sid="347614298279997" type="tembak">
                    <param id="0" name="Y">Mouse.Y</param>
                </action>
                <action id="-1" name="Set X" sid="105256951564487" type="rumput2">
                    <param id="0" name="X">rumput2.X-bg_speed*dt</param>
                </action>
                <action id="-1" name="Set X" sid="289088888585399" type="pohon2">
                    <param id="0" name="X">pohon2.X-bg_speed2*dt</param>
                </action>
            </actions>
            <sub-events>
                <event-block sid="739623703617363">
                    <conditions>
                        <condition id="-8" name="Is boolean instance variable set" sid="888640731920160" type="Screenshot5">
                            <param id="0" name="Instance variable">klik_home</param>
                        </condition>
                    </conditions>
                    <actions>
                        <action id="-9" name="Destroy" sid="176237902276791" type="Screenshot5" />
                        <action id="0" name="Spawn another object" sid="413220225385969" type="Screenshot5">
                            <param id="0" name="Object">dead_home</param>
                            <param id="1" name="Layer">0</param>
                            <param id="2" name="Image point">0</param>
                        </action>
                        <action behavior="Physics" id="12" name="Set world gravity" sid="580884444188137" type="dead_home">
                            <param id="0" name="Gravity">10</param>
                        </action>
                        <action id="0" name="Play" sid="414428907268487" type="BGM">
                            <param id="0" name="Audio file">Fruit collect 1</param>
                            <param id="2" name="Loop">0</param>
                            <param id="3" name="Volume">0</param>
                            <param id="1" name="Tag (optional)">&quot;&quot;</param>
                        </action>
                        <action id="0" name="Spawn another object" sid="844546991222144" type="Spawner_home">
                            <param id="0" name="Object">Screenshot5</param>
                            <param id="1" name="Layer">0</param>
                            <param id="2" name="Image point">0</param>
                        </action>
                    </actions>
                </event-block>
            </sub-events>
        </event-block>
        <event-block sid="505500645286451">
            <conditions>
                <condition id="-1" name="Compare X" sid="633945632821966" type="rumput2">
                    <param id="0" name="Comparison">3</param>
                    <param id="1" name="X co-ordinate">-645</param>
                </condition>
            </conditions>
            <actions>
                <action id="-1" name="Set X" sid="668808602076792" type="rumput2">
                    <param id="0" name="X">bg.X+1278</param>
                </action>
            </actions>
        </event-block>
        <event-block sid="483033387527133">
            <conditions>
                <condition id="-1" name="Compare X" sid="743571999072891" type="pohon2">
                    <param id="0" name="Comparison">3</param>
                    <param id="1" name="X co-ordinate">-570</param>
                </condition>
            </conditions>
            <actions>
                <action id="-1" name="Set X" sid="160214052508366" type="pohon2">
                    <param id="0" name="X">bg.X+1278</param>
                </action>
            </actions>
        </event-block>
        <event-block sid="138539660572949">
            <conditions>
                <condition id="-25" name="On loader layout complete" sid="426920279066961" type="System" />
            </conditions>
            <actions>
                <action id="-4" name="Set layer visible" sid="601826649747214" type="System">
                    <param id="0" name="Layer">3</param>
                    <param id="1" name="Visibility">1</param>
                </action>
                <action id="-16" name="Wait" sid="818413207878513" type="System">
                    <param id="0" name="Seconds">2</param>
                </action>
                <action id="-4" name="Set layer visible" sid="704682428034568" type="System">
                    <param id="0" name="Layer">3</param>
                    <param id="1" name="Visibility">0</param>
                </action>
            </actions>
        </event-block>
        <event-block sid="448040466958395">
            <conditions>
                <condition id="-2" name="On start of layout" sid="209070661953845" type="System" />
            </conditions>
            <actions>
                <action id="-9" name="Set value" sid="809869645236557" type="System">
                    <param id="0" name="Variable">timer</param>
                    <param id="1" name="Value">63</param>
                </action>
                <action id="-9" name="Set value" sid="709310377470973" type="System">
                    <param id="0" name="Variable">skor</param>
                    <param id="1" name="Value">0</param>
                </action>
                <action id="33" name="Stop all" sid="367445454626690" type="BGM" />
                <action id="0" name="Play" sid="406423216875490" type="BGM">
                    <param id="0" name="Audio file">Theme_town_00</param>
                    <param id="2" name="Loop">1</param>
                    <param id="3" name="Volume">(Slider1Value*0.2)-20</param>
                    <param id="1" name="Tag (optional)">&quot;&quot;</param>
                </action>
            </actions>
        </event-block>
        <event-group description="" sid="971772386487767" title="menu_crusor">
            <sub-events>
                <event-block any="1" sid="414305096439864">
                    <conditions>
                        <condition id="7" name="Cursor is over object" sid="492433856626218" type="Mouse">
                            <param id="0" name="Object">Asset4</param>
                        </condition>
                    </conditions>
                    <actions>
                        <action id="5" name="Set frame" sid="850337199035081" type="Asset4">
                            <param id="0" name="Frame number">1</param>
                        </action>
                        <action id="-1" name="Set X" sid="320094181032879" type="Asset4">
                            <param id="0" name="X">180</param>
                        </action>
                    </actions>
                </event-block>
                <event-block sid="470693266290971">
                    <conditions>
                        <condition id="7" inverted="1" name="Cursor is over object" sid="580800322506359" type="Mouse">
                            <param id="0" name="Object">Asset4</param>
                        </condition>
                    </conditions>
                    <actions>
                        <action id="5" name="Set frame" sid="675522268356693" type="Asset4">
                            <param id="0" name="Frame number">0</param>
                        </action>
                        <action id="-1" name="Set X" sid="221582592054498" type="Asset4">
                            <param id="0" name="X">215</param>
                        </action>
                    </actions>
                </event-block>
                <event-block sid="671677829547332">
                    <conditions>
                        <condition id="7" name="Cursor is over object" sid="969848420189222" type="Mouse">
                            <param id="0" name="Object">Asset</param>
                        </condition>
                    </conditions>
                    <actions>
                        <action id="5" name="Set frame" sid="241115542733426" type="Asset">
                            <param id="0" name="Frame number">1</param>
                        </action>
                        <action id="-1" name="Set X" sid="769680014785142" type="Asset">
                            <param id="0" name="X">180</param>
                        </action>
                    </actions>
                </event-block>
                <event-block sid="154101363433878">
                    <conditions>
                        <condition id="7" inverted="1" name="Cursor is over object" sid="217534936378385" type="Mouse">
                            <param id="0" name="Object">Asset</param>
                        </condition>
                    </conditions>
                    <actions>
                        <action id="5" name="Set frame" sid="850363892240795" type="Asset">
                            <param id="0" name="Frame number">0</param>
                        </action>
                        <action id="-1" name="Set X" sid="749101538387016" type="Asset">
                            <param id="0" name="X">215</param>
                        </action>
                    </actions>
                </event-block>
                <event-block sid="292567773823531">
                    <conditions>
                        <condition id="7" name="Cursor is over object" sid="996040027944136" type="Mouse">
                            <param id="0" name="Object">Asset3</param>
                        </condition>
                    </conditions>
                    <actions>
                        <action id="5" name="Set frame" sid="859418776920256" type="Asset3">
                            <param id="0" name="Frame number">1</param>
                        </action>
                        <action id="-1" name="Set X" sid="394392536284882" type="Asset3">
                            <param id="0" name="X">238</param>
                        </action>
                    </actions>
                </event-block>
                <event-block sid="859090743417400">
                    <conditions>
                        <condition id="7" inverted="1" name="Cursor is over object" sid="733696390096992" type="Mouse">
                            <param id="0" name="Object">Asset3</param>
                        </condition>
                    </conditions>
                    <actions>
                        <action id="5" name="Set frame" sid="549935888522825" type="Asset3">
                            <param id="0" name="Frame number">0</param>
                        </action>
                        <action id="-1" name="Set X" sid="328172409090079" type="Asset3">
                            <param id="0" name="X">275</param>
                        </action>
                    </actions>
                </event-block>
            </sub-events>
        </event-group>
        <event-group description="" sid="903762375807936" title="menu_amin_burung">
            <sub-events>
                <event-block disabled="1" sid="863354966586546">
                    <conditions>
                        <condition id="-6" name="Every X seconds" sid="732628986064181" type="System">
                            <param id="0" name="Interval (seconds)">2.5</param>
                        </condition>
                    </conditions>
                    <actions>
                        <action id="0" name="Spawn another object" sid="940727873748607" type="Spawner_home">
                            <param id="0" name="Object">dead_home</param>
                            <param id="1" name="Layer">0</param>
                            <param id="2" name="Image point">0</param>
                        </action>
                    </actions>
                </event-block>
                <event-block sid="126330664915290">
                    <conditions>
                        <condition id="0" name="On collision with another object" sid="828889559597684" type="dead_home">
                            <param id="0" name="Object">Sprite</param>
                        </condition>
                    </conditions>
                    <actions>
                        <action id="-9" name="Destroy" sid="298187441945246" type="dead_home" />
                    </actions>
                </event-block>
            </sub-events>
        </event-group>
        <event-block sid="965640484435322">
            <conditions>
                <condition id="3" name="On touched object" sid="864512512574082" type="Touch">
                    <param id="0" name="Object">Asset4</param>
                </condition>
            </conditions>
            <actions>
                <action id="0" name="Play" sid="300624272655222" type="BGM">
                    <param id="0" name="Audio file">Confirm 1</param>
                    <param id="2" name="Loop">0</param>
                    <param id="3" name="Volume">0</param>
                    <param id="1" name="Tag (optional)">&quot;&quot;</param>
                </action>
                <action id="-2" name="Go to layout" sid="653736028916514" type="System">
                    <param id="0" name="Layout">Gameplay</param>
                </action>
            </actions>
        </event-block>
        <event-block sid="223479566182712">
            <conditions>
                <condition id="3" name="On touched object" sid="560855891042819" type="Touch">
                    <param id="0" name="Object">Asset</param>
                </condition>
            </conditions>
            <actions>
                <action id="-2" name="Go to layout" sid="883612588093339" type="System">
                    <param id="0" name="Layout">Kredit</param>
                </action>
                <action id="0" name="Play" sid="884707682745086" type="BGM">
                    <param id="0" name="Audio file">Confirm 1</param>
                    <param id="2" name="Loop">0</param>
                    <param id="3" name="Volume">0</param>
                    <param id="1" name="Tag (optional)">&quot;&quot;</param>
                </action>
            </actions>
        </event-block>
        <event-block sid="325986717754306">
            <conditions>
                <condition id="3" name="On touched object" sid="640516865389058" type="Touch">
                    <param id="0" name="Object">Asset3</param>
                </condition>
            </conditions>
            <actions>
                <action id="-2" name="Go to layout" sid="878029374378002" type="System">
                    <param id="0" name="Layout">Setting</param>
                </action>
                <action id="0" name="Play" sid="225124807023933" type="BGM">
                    <param id="0" name="Audio file">Confirm 1</param>
                    <param id="2" name="Loop">0</param>
                    <param id="3" name="Volume">0</param>
                    <param id="1" name="Tag (optional)">&quot;&quot;</param>
                </action>
            </actions>
        </event-block>
        <event-block sid="532838667177320">
            <conditions>
                <condition id="3" name="On touched object" sid="576695430831157" type="Touch">
                    <param id="0" name="Object">Screenshot5</param>
                </condition>
            </conditions>
            <actions>
                <action id="-13" name="Set boolean" sid="567088440332101" type="Screenshot5">
                    <param id="0" name="Instance variable">klik_home</param>
                    <param id="1" name="Value">1</param>
                </action>
            </actions>
        </event-block>
    </events>
</c2eventsheet>
