﻿<?xml version="1.0" encoding="utf-8" ?>
<c2eventsheet>
    <!--All the 'name' attributes are ignored by Construct 2 - they are there for readability only.-->
    <name>Setting</name>
    <events>
        <variable constant="0" name="Slider2_text" sid="353594219580956" static="0" type="text"></variable>
        <variable constant="0" name="Slider1Value" sid="164630481009088" static="0" type="number">60</variable>
        <variable constant="0" name="Slider2Value" sid="305699346272322" static="0" type="number">5</variable>
        <event-block sid="920887955761750">
            <conditions>
                <condition id="-1" name="Every tick" sid="416137369091343" type="System" />
            </conditions>
            <actions>
                <action id="-1" name="Set X" sid="896349607656327" type="tembak">
                    <param id="0" name="X">Mouse.X</param>
                </action>
                <action id="-2" name="Set Y" sid="708533569301304" type="tembak">
                    <param id="0" name="Y">Mouse.Y</param>
                </action>
                <action id="-1" name="Set X" sid="691818016634080" type="rumput2">
                    <param id="0" name="X">rumput2.X-bg_speed*dt</param>
                </action>
                <action id="-1" name="Set X" sid="994814787151167" type="pohon2">
                    <param id="0" name="X">pohon2.X-bg_speed2*dt</param>
                </action>
                <action id="-10" name="Set value" sid="288597271354232" type="Slider">
                    <param id="0" name="Instance variable">slider_Value</param>
                    <param id="1" name="Value">round(unlerp(Slider_Bar.X, Slider_Bar.X+Slider_Bar.Width, self.X)*100)</param>
                </action>
                <action id="-10" name="Set value" sid="736633766547666" type="Slider2">
                    <param id="0" name="Instance variable">slider_Value</param>
                    <param id="1" name="Value">round(unlerp(Slider_Bar2.X, Slider_Bar2.X+Slider_Bar2.Width, self.X)*15)</param>
                </action>
                <action id="0" name="Set text" sid="811723451211363" type="Text">
                    <param id="0" name="Text">Slider.slider_Value</param>
                </action>
                <action id="0" name="Set text" sid="274246947002160" type="Text2">
                    <param id="0" name="Text">Slider2.slider_Value</param>
                </action>
            </actions>
        </event-block>
        <event-block sid="204301645861215">
            <conditions>
                <condition id="-1" name="Compare X" sid="943360433847751" type="rumput2">
                    <param id="0" name="Comparison">3</param>
                    <param id="1" name="X co-ordinate">-645</param>
                </condition>
            </conditions>
            <actions>
                <action id="-1" name="Set X" sid="598634512162223" type="rumput2">
                    <param id="0" name="X">bg.X+1278</param>
                </action>
            </actions>
        </event-block>
        <event-block sid="290302874818272">
            <conditions>
                <condition id="-1" name="Compare X" sid="117594066731642" type="pohon2">
                    <param id="0" name="Comparison">3</param>
                    <param id="1" name="X co-ordinate">-570</param>
                </condition>
            </conditions>
            <actions>
                <action id="-1" name="Set X" sid="206860905430679" type="pohon2">
                    <param id="0" name="X">bg.X+1278</param>
                </action>
            </actions>
        </event-block>
        <event-block sid="439138298546374">
            <conditions>
                <condition id="3" name="On touched object" sid="814623516051546" type="Touch">
                    <param id="0" name="Object">Link_tembakmanuk</param>
                </condition>
            </conditions>
            <actions>
                <action id="7" name="Go to URL" sid="127991900644976" type="Browser">
                    <param id="0" name="URL">&quot;https://destiny-knight.itch.io/&quot;</param>
                    <param id="1" name="Target">0</param>
                </action>
                <action id="0" name="Play" sid="930602633404738" type="BGM">
                    <param id="0" name="Audio file">Confirm 1</param>
                    <param id="2" name="Loop">0</param>
                    <param id="3" name="Volume">0</param>
                    <param id="1" name="Tag (optional)">&quot;&quot;</param>
                </action>
            </actions>
        </event-block>
        <event-block sid="764665909463931">
            <conditions>
                <condition id="3" name="On touched object" sid="829058235852059" type="Touch">
                    <param id="0" name="Object">Link_tembakmanuk2</param>
                </condition>
            </conditions>
            <actions>
                <action id="7" name="Go to URL" sid="847544271207098" type="Browser">
                    <param id="0" name="URL">&quot;https://jdwasabi.itch.io/8-bit-16-bit-sound-effects-pack&quot;</param>
                    <param id="1" name="Target">0</param>
                </action>
                <action id="0" name="Play" sid="764411580773252" type="BGM">
                    <param id="0" name="Audio file">Confirm 1</param>
                    <param id="2" name="Loop">0</param>
                    <param id="3" name="Volume">0</param>
                    <param id="1" name="Tag (optional)">&quot;&quot;</param>
                </action>
            </actions>
        </event-block>
        <event-block any="1" sid="157549421626298">
            <conditions>
                <condition id="7" name="Cursor is over object" sid="210914415012554" type="Mouse">
                    <param id="0" name="Object">Asset6</param>
                </condition>
            </conditions>
            <actions>
                <action id="5" name="Set frame" sid="674566734506428" type="Asset6">
                    <param id="0" name="Frame number">1</param>
                </action>
            </actions>
        </event-block>
        <event-block sid="706630106952559">
            <conditions>
                <condition id="7" inverted="1" name="Cursor is over object" sid="661097744791392" type="Mouse">
                    <param id="0" name="Object">Asset6</param>
                </condition>
            </conditions>
            <actions>
                <action id="5" name="Set frame" sid="469096089261367" type="Asset6">
                    <param id="0" name="Frame number">0</param>
                </action>
            </actions>
        </event-block>
        <event-block sid="766399513548170">
            <conditions>
                <condition id="3" name="On touched object" sid="378016776676046" type="Touch">
                    <param id="0" name="Object">Asset6</param>
                </condition>
            </conditions>
            <actions>
                <action id="-2" name="Go to layout" sid="697044827385665" type="System">
                    <param id="0" name="Layout">Menu</param>
                </action>
                <action id="0" name="Play" sid="353050929504464" type="BGM">
                    <param id="0" name="Audio file">Confirm 1</param>
                    <param id="2" name="Loop">0</param>
                    <param id="3" name="Volume">0</param>
                    <param id="1" name="Tag (optional)">&quot;&quot;</param>
                </action>
            </actions>
        </event-block>
        <event-block sid="210161403870766">
            <conditions>
                <condition id="-2" name="On start of layout" sid="806877178890834" type="System" />
            </conditions>
            <actions />
            <sub-events>
                <event-block sid="158587843616862">
                    <conditions>
                        <condition id="-7" name="Compare instance variable" sid="879478541433985" type="Slider">
                            <param id="0" name="Instance variable">slider_ID</param>
                            <param id="1" name="Comparison">0</param>
                            <param id="2" name="Value">1</param>
                        </condition>
                    </conditions>
                    <actions>
                        <action id="-10" name="Set value" sid="449784803001883" type="Slider">
                            <param id="0" name="Instance variable">slider_Value</param>
                            <param id="1" name="Value">Slider1Value</param>
                        </action>
                    </actions>
                </event-block>
                <event-block sid="327259698718722">
                    <conditions>
                        <condition id="-7" name="Compare instance variable" sid="938746120894361" type="Slider2">
                            <param id="0" name="Instance variable">slider_ID</param>
                            <param id="1" name="Comparison">0</param>
                            <param id="2" name="Value">2</param>
                        </condition>
                    </conditions>
                    <actions>
                        <action id="-10" name="Set value" sid="406836691703067" type="Slider2">
                            <param id="0" name="Instance variable">slider_Value</param>
                            <param id="1" name="Value">Slider2Value</param>
                        </action>
                        <action id="-10" name="Set value" sid="630453487191467" type="Slider2">
                            <param id="0" name="Instance variable">slider_Value</param>
                            <param id="1" name="Value">Slider2Value</param>
                        </action>
                    </actions>
                </event-block>
            </sub-events>
        </event-block>
        <event-block sid="347453577559124">
            <conditions>
                <condition behavior="DragDrop" id="0" name="Is dragging" sid="954721780351116" type="Slider" />
            </conditions>
            <actions>
                <action id="-1" name="Set X" sid="840105767687319" type="Slider">
                    <param id="0" name="X">clamp(touch.X, Slider_Bar.X, Slider_Bar.X+Slider_Bar.Width)</param>
                </action>
            </actions>
        </event-block>
        <event-block sid="611953361838815">
            <conditions>
                <condition behavior="DragDrop" id="0" name="Is dragging" sid="511747196684448" type="Slider2" />
            </conditions>
            <actions>
                <action id="-1" name="Set X" sid="140802436581650" type="Slider2">
                    <param id="0" name="X">clamp(touch.X, Slider_Bar2.X, Slider_Bar2.X+Slider_Bar2.Width)</param>
                </action>
            </actions>
        </event-block>
        <event-block sid="610623874645329">
            <conditions>
                <condition id="17" name="On tap object" sid="417024640089557" type="Touch">
                    <param id="0" name="Object">Slider_Bar</param>
                </condition>
            </conditions>
            <actions>
                <action id="-1" name="Set X" sid="836143752764332" type="Slider">
                    <param id="0" name="X">Touch.X</param>
                </action>
                <action id="0" name="Play" sid="934825069939079" type="BGM">
                    <param id="0" name="Audio file">Confirm 1</param>
                    <param id="2" name="Loop">0</param>
                    <param id="3" name="Volume">0</param>
                    <param id="1" name="Tag (optional)">&quot;&quot;</param>
                </action>
            </actions>
        </event-block>
        <event-block sid="210981245688352">
            <conditions>
                <condition id="17" name="On tap object" sid="407717422907097" type="Touch">
                    <param id="0" name="Object">Slider_Bar2</param>
                </condition>
            </conditions>
            <actions>
                <action id="-1" name="Set X" sid="782598424711650" type="Slider2">
                    <param id="0" name="X">Touch.X</param>
                </action>
                <action id="0" name="Play" sid="256454813821879" type="BGM">
                    <param id="0" name="Audio file">Confirm 1</param>
                    <param id="2" name="Loop">0</param>
                    <param id="3" name="Volume">0</param>
                    <param id="1" name="Tag (optional)">&quot;&quot;</param>
                </action>
            </actions>
        </event-block>
        <event-block sid="786914333851484">
            <conditions>
                <condition id="-3" name="On end of layout" sid="384152698583501" type="System" />
            </conditions>
            <actions />
            <sub-events>
                <event-block sid="511905645872993">
                    <conditions>
                        <condition id="-7" name="Compare instance variable" sid="175933441895295" type="Slider">
                            <param id="0" name="Instance variable">slider_ID</param>
                            <param id="1" name="Comparison">0</param>
                            <param id="2" name="Value">1</param>
                        </condition>
                    </conditions>
                    <actions>
                        <action id="-9" name="Set value" sid="139287333156556" type="System">
                            <param id="0" name="Variable">Slider1Value</param>
                            <param id="1" name="Value">Slider.slider_Value</param>
                        </action>
                    </actions>
                </event-block>
                <event-block sid="358672550288984">
                    <conditions>
                        <condition id="-7" name="Compare instance variable" sid="859387367283715" type="Slider2">
                            <param id="0" name="Instance variable">slider_ID</param>
                            <param id="1" name="Comparison">0</param>
                            <param id="2" name="Value">2</param>
                        </condition>
                    </conditions>
                    <actions>
                        <action id="-9" name="Set value" sid="370162528680969" type="System">
                            <param id="0" name="Variable">Slider2Value</param>
                            <param id="1" name="Value">Slider2.slider_Value</param>
                        </action>
                    </actions>
                </event-block>
            </sub-events>
        </event-block>
    </events>
</c2eventsheet>
