﻿<?xml version="1.0" encoding="utf-8" ?>
<c2eventsheet>
    <!--All the 'name' attributes are ignored by Construct 2 - they are there for readability only.-->
    <name>Skor</name>
    <events>
        <event-block sid="346514517738437">
            <conditions>
                <condition id="-1" name="Every tick" sid="116828466243204" type="System" />
            </conditions>
            <actions>
                <action id="-1" name="Set X" sid="640278216364078" type="tembak">
                    <param id="0" name="X">Mouse.X</param>
                </action>
                <action id="-2" name="Set Y" sid="844588659450994" type="tembak">
                    <param id="0" name="Y">Mouse.Y</param>
                </action>
                <action id="-1" name="Set X" sid="970832851167431" type="rumput2">
                    <param id="0" name="X">rumput2.X-bg_speed*dt</param>
                </action>
                <action id="-1" name="Set X" sid="950979191225722" type="pohon2">
                    <param id="0" name="X">pohon2.X-bg_speed2*dt</param>
                </action>
                <action id="0" name="Set text" sid="806407263993203" type="Skor_UI">
                    <param id="0" name="Text">skor &amp; &quot;     Burung&quot;</param>
                </action>
            </actions>
        </event-block>
        <event-block sid="361520676465060">
            <conditions>
                <condition id="-14" name="Compare variable" sid="151813993349375" type="System">
                    <param id="0" name="Variable">skor</param>
                    <param id="1" name="Comparison">2</param>
                    <param id="2" name="Value">25</param>
                </condition>
            </conditions>
            <actions>
                <action id="0" name="Set text" sid="365099068069153" type="Kesulitan_UI">
                    <param id="0" name="Text">&quot;Ok lah dek!!!&quot;</param>
                </action>
            </actions>
        </event-block>
        <event-block sid="905956522175809">
            <conditions>
                <condition id="-14" name="Compare variable" sid="282838709551017" type="System">
                    <param id="0" name="Variable">skor</param>
                    <param id="1" name="Comparison">2</param>
                    <param id="2" name="Value">10</param>
                </condition>
            </conditions>
            <actions>
                <action id="0" name="Set text" sid="697257540623535" type="Kesulitan_UI">
                    <param id="0" name="Text">&quot;Nggembel kon!!&quot;</param>
                </action>
            </actions>
        </event-block>
        <event-block sid="523416436466992">
            <conditions>
                <condition id="-14" name="Compare variable" sid="137066142098533" type="System">
                    <param id="0" name="Variable">skor</param>
                    <param id="1" name="Comparison">5</param>
                    <param id="2" name="Value">25</param>
                </condition>
            </conditions>
            <actions>
                <action id="0" name="Set text" sid="328619278865307" type="Kesulitan_UI">
                    <param id="0" name="Text">&quot;Kerja Bagus!!&quot;</param>
                </action>
            </actions>
        </event-block>
        <event-block sid="765758849643137">
            <conditions>
                <condition id="-1" name="Compare X" sid="146127920164065" type="rumput2">
                    <param id="0" name="Comparison">3</param>
                    <param id="1" name="X co-ordinate">-645</param>
                </condition>
            </conditions>
            <actions>
                <action id="-1" name="Set X" sid="115531775315082" type="rumput2">
                    <param id="0" name="X">bg.X+1278</param>
                </action>
            </actions>
        </event-block>
        <event-block sid="852156919658771">
            <conditions>
                <condition id="-1" name="Compare X" sid="590199614997154" type="pohon2">
                    <param id="0" name="Comparison">3</param>
                    <param id="1" name="X co-ordinate">-570</param>
                </condition>
            </conditions>
            <actions>
                <action id="-1" name="Set X" sid="731972046096710" type="pohon2">
                    <param id="0" name="X">bg.X+1278</param>
                </action>
            </actions>
        </event-block>
        <event-block any="1" sid="193264428458838">
            <conditions>
                <condition id="7" name="Cursor is over object" sid="418652364814936" type="Mouse">
                    <param id="0" name="Object">Asset6</param>
                </condition>
            </conditions>
            <actions>
                <action id="5" name="Set frame" sid="401471131843146" type="Asset6">
                    <param id="0" name="Frame number">1</param>
                </action>
            </actions>
        </event-block>
        <event-block sid="776571743788486">
            <conditions>
                <condition id="7" inverted="1" name="Cursor is over object" sid="278063935034656" type="Mouse">
                    <param id="0" name="Object">Asset6</param>
                </condition>
            </conditions>
            <actions>
                <action id="5" name="Set frame" sid="929956228145228" type="Asset6">
                    <param id="0" name="Frame number">0</param>
                </action>
            </actions>
        </event-block>
        <event-block sid="772007785974106">
            <conditions>
                <condition id="3" name="On touched object" sid="217082384263983" type="Touch">
                    <param id="0" name="Object">Asset6</param>
                </condition>
            </conditions>
            <actions>
                <action id="-2" name="Go to layout" sid="704103224990494" type="System">
                    <param id="0" name="Layout">Menu</param>
                </action>
                <action id="0" name="Play" sid="284203087761066" type="BGM">
                    <param id="0" name="Audio file">Confirm 1</param>
                    <param id="2" name="Loop">0</param>
                    <param id="3" name="Volume">0</param>
                    <param id="1" name="Tag (optional)">&quot;&quot;</param>
                </action>
            </actions>
        </event-block>
    </events>
</c2eventsheet>
